{"exp_args": {"space": "lr", "n_tasks": null, "x_grid_size": 25, "z_grid_size": 0, "include_SH": true, "fidelity_choice": 1, "n_seeds": 5, "data_path": "/work/ws/nemo/fr_nm217-hpobench-0/openml_splits", "output_path": "/work/ws/nemo/fr_nm217-hpobench-0/", "n_workers": null, "task_id": 10101, "scheduler_file": "/work/ws/nemo/fr_nm217-hpobench-0/scheduler/scheduler_lr.json", "seed": 1234, "exp_name": null, "restart_id": 0, "missing": "/work/ws/nemo/fr_nm217-hpobench-0/full/svm/1/benchmark/lr_10101_missing.txt"}, "global_min": {"val": {"acc": 0.2188340807174888, "bal_acc": 0.4109100998890122, "f1": 0.4044546270943764, "precision": 0.2869892475478629}, "test": {"acc": 0.22933333333333333, "bal_acc": 0.42719298245614035, "f1": 0.43619411944174225, "precision": 0.2646580493537016}}, "config_spaces": {"x": "{\n  \"hyperparameters\": [\n    {\n      \"name\": \"alpha\",\n      \"type\": \"uniform_float\",\n      \"log\": true,\n      \"lower\": 1e-05,\n      \"upper\": 1.0,\n      \"default\": 0.001\n    },\n    {\n      \"name\": \"eta0\",\n      \"type\": \"uniform_float\",\n      \"log\": true,\n      \"lower\": 1e-05,\n      \"upper\": 1.0,\n      \"default\": 0.01\n    }\n  ],\n  \"conditions\": [],\n  \"forbiddens\": [],\n  \"python_module_version\": \"0.4.16\",\n  \"json_format_version\": 0.2\n}", "x_discrete": "{\n  \"hyperparameters\": [\n    {\n      \"name\": \"alpha\",\n      \"type\": \"ordinal\",\n      \"sequence\": [\n        9.999999747378752e-06,\n        1.6155980119947344e-05,\n        2.6101572075276636e-05,\n        4.2169649532297626e-05,\n        6.812920764787123e-05,\n        0.00011006941349478438,\n        0.00017782794020604342,\n        0.0002872984914574772,\n        0.00046415888937190175,\n        0.0007498941849917173,\n        0.0012115276185795665,\n        0.0019573417957872152,\n        0.003162277629598975,\n        0.005108969751745462,\n        0.008254041895270348,\n        0.013335213996469975,\n        0.02154434658586979,\n        0.034807004034519196,\n        0.05623413249850273,\n        0.09085175395011902,\n        0.14677992463111877,\n        0.23713737726211548,\n        0.3831186890602112,\n        0.6189658045768738,\n        1.0\n      ],\n      \"default\": 9.999999747378752e-06\n    },\n    {\n      \"name\": \"eta0\",\n      \"type\": \"ordinal\",\n      \"sequence\": [\n        9.999999747378752e-06,\n        1.6155980119947344e-05,\n        2.6101572075276636e-05,\n        4.2169649532297626e-05,\n        6.812920764787123e-05,\n        0.00011006941349478438,\n        0.00017782794020604342,\n        0.0002872984914574772,\n        0.00046415888937190175,\n        0.0007498941849917173,\n        0.0012115276185795665,\n        0.0019573417957872152,\n        0.003162277629598975,\n        0.005108969751745462,\n        0.008254041895270348,\n        0.013335213996469975,\n        0.02154434658586979,\n        0.034807004034519196,\n        0.05623413249850273,\n        0.09085175395011902,\n        0.14677992463111877,\n        0.23713737726211548,\n        0.3831186890602112,\n        0.6189658045768738,\n        1.0\n      ],\n      \"default\": 9.999999747378752e-06\n    }\n  ],\n  \"conditions\": [],\n  \"forbiddens\": [],\n  \"python_module_version\": \"0.4.16\",\n  \"json_format_version\": 0.2\n}", "z": "{\n  \"hyperparameters\": [\n    {\n      \"name\": \"iter\",\n      \"type\": \"uniform_int\",\n      \"log\": false,\n      \"lower\": 10,\n      \"upper\": 1000,\n      \"default\": 1000\n    },\n    {\n      \"name\": \"subsample\",\n      \"type\": \"constant\",\n      \"value\": 1.0\n    }\n  ],\n  \"conditions\": [],\n  \"forbiddens\": [],\n  \"python_module_version\": \"0.4.16\",\n  \"json_format_version\": 0.2\n}", "z_discrete": "{\n  \"hyperparameters\": [\n    {\n      \"name\": \"iter\",\n      \"type\": \"ordinal\",\n      \"sequence\": [\n        12,\n        37,\n        111,\n        333,\n        1000\n      ],\n      \"default\": 1000\n    },\n    {\n      \"name\": \"subsample\",\n      \"type\": \"ordinal\",\n      \"sequence\": [\n        1.0\n      ],\n      \"default\": 1.0\n    }\n  ],\n  \"conditions\": [],\n  \"forbiddens\": [],\n  \"python_module_version\": \"0.4.16\",\n  \"json_format_version\": 0.2\n}"}}