{"llm_query_cost_breakdown": [0, 0.0, 0.0, 0.0, 0.0, 0.0, 0.0, 0.0, 0.0, 0.0, 0.0, 0.0, 0.0, 0.0, 0.0, 0.0, 0.0, 0.0, 0.0, 0.0, 0.0, 0.0, 0.0, 0.0, 0.0, 0.0], "llm_query_time_breakdown": [0.1016073226928711, 41.353025674819946, 43.87983155250549, 34.16492176055908, 37.573168992996216, 58.2267529964447, 48.15019726753235, 71.79461121559143, 65.64417576789856, 73.39521551132202, 60.11027765274048, 67.69297623634338, 63.47804546356201, 70.19105553627014, 57.87563228607178, 55.21202278137207, 64.0344557762146, 64.16209769248962, 64.18108701705933, 34.750654458999634, 70.3374297618866, 64.08066630363464, 39.395530462265015, 51.78934073448181, 70.49353265762329, 51.718767404556274], "llm_query_cost": 0.0, "llm_query_time": 1423.7870802879333}