{"exp_args": {"space": "xgb", "n_tasks": null, "x_grid_size": 10, "z_grid_size": 0, "include_SH": true, "fidelity_choice": 1, "n_seeds": 5, "data_path": "/work/ws/nemo/fr_nm217-hpobench-0/openml_splits", "output_path": "/work/ws/nemo/fr_nm217-hpobench-0/", "n_workers": null, "task_id": 168912, "scheduler_file": "/work/ws/nemo/fr_nm217-hpobench-0/scheduler/scheduler_xgb.json", "seed": 1234, "exp_name": null, "restart_id": 0, "missing": "/work/ws/nemo/fr_nm217-hpobench-0/full/xgb/1/benchmark/xgb_10101_missing.txt"}, "global_min": {"val": {"acc": 0.014848883048620243, "bal_acc": 0.014848883048620243, "f1": 0.014849872056156222, "precision": 0.014730023425777783}, "test": {"acc": 0.062378167641325574, "bal_acc": 0.06244680204280151, "f1": 0.062465066756419343, "precision": 0.06014651422985593}}, "config_spaces": {"x": "{\n  \"hyperparameters\": [\n    {\n      \"name\": \"colsample_bytree\",\n      \"type\": \"uniform_float\",\n      \"log\": false,\n      \"lower\": 0.1,\n      \"upper\": 1.0,\n      \"default\": 1.0\n    },\n    {\n      \"name\": \"eta\",\n      \"type\": \"uniform_float\",\n      \"log\": true,\n      \"lower\": 0.0009765625,\n      \"upper\": 1.0,\n      \"default\": 0.3\n    },\n    {\n      \"name\": \"max_depth\",\n      \"type\": \"uniform_int\",\n      \"log\": true,\n      \"lower\": 1,\n      \"upper\": 50,\n      \"default\": 10\n    },\n    {\n      \"name\": \"reg_lambda\",\n      \"type\": \"uniform_float\",\n      \"log\": true,\n      \"lower\": 0.0009765625,\n      \"upper\": 1024.0,\n      \"default\": 1.0\n    }\n  ],\n  \"conditions\": [],\n  \"forbiddens\": [],\n  \"python_module_version\": \"0.4.16\",\n  \"json_format_version\": 0.2\n}", "x_discrete": "{\n  \"hyperparameters\": [\n    {\n      \"name\": \"colsample_bytree\",\n      \"type\": \"ordinal\",\n      \"sequence\": [\n        0.10000000149011612,\n        0.20000000298023224,\n        0.30000001192092896,\n        0.4000000059604645,\n        0.5,\n        0.6000000238418579,\n        0.699999988079071,\n        0.800000011920929,\n        0.8999999761581421,\n        1.0\n      ],\n      \"default\": 0.10000000149011612\n    },\n    {\n      \"name\": \"eta\",\n      \"type\": \"ordinal\",\n      \"sequence\": [\n        0.0009765625,\n        0.0021094917319715023,\n        0.004556754138320684,\n        0.009843133389949799,\n        0.02126234397292137,\n        0.045929204672575,\n        0.09921256452798843,\n        0.21431098878383636,\n        0.4629373550415039,\n        1.0\n      ],\n      \"default\": 0.0009765625\n    },\n    {\n      \"name\": \"max_depth\",\n      \"type\": \"ordinal\",\n      \"sequence\": [\n        1.0,\n        2.0,\n        3.0,\n        5.0,\n        8.0,\n        13.0,\n        20.0,\n        32.0,\n        50.0\n      ],\n      \"default\": 1.0\n    },\n    {\n      \"name\": \"reg_lambda\",\n      \"type\": \"ordinal\",\n      \"sequence\": [\n        0.0009765625,\n        0.004556754138320684,\n        0.02126234397292137,\n        0.09921256452798843,\n        0.4629373550415039,\n        2.1601195335388184,\n        10.079368591308594,\n        47.0315055847168,\n        219.45445251464844,\n        1024.0\n      ],\n      \"default\": 0.0009765625\n    }\n  ],\n  \"conditions\": [],\n  \"forbiddens\": [],\n  \"python_module_version\": \"0.4.16\",\n  \"json_format_version\": 0.2\n}", "z": "{\n  \"hyperparameters\": [\n    {\n      \"name\": \"n_estimators\",\n      \"type\": \"uniform_int\",\n      \"log\": false,\n      \"lower\": 50,\n      \"upper\": 2000,\n      \"default\": 1000\n    },\n    {\n      \"name\": \"subsample\",\n      \"type\": \"constant\",\n      \"value\": 1\n    }\n  ],\n  \"conditions\": [],\n  \"forbiddens\": [],\n  \"python_module_version\": \"0.4.16\",\n  \"json_format_version\": 0.2\n}", "z_discrete": "{\n  \"hyperparameters\": [\n    {\n      \"name\": \"n_estimators\",\n      \"type\": \"ordinal\",\n      \"sequence\": [\n        74,\n        222,\n        666,\n        2000\n      ],\n      \"default\": 2000\n    },\n    {\n      \"name\": \"subsample\",\n      \"type\": \"ordinal\",\n      \"sequence\": [\n        1\n      ],\n      \"default\": 1\n    }\n  ],\n  \"conditions\": [],\n  \"forbiddens\": [],\n  \"python_module_version\": \"0.4.16\",\n  \"json_format_version\": 0.2\n}"}}